Number of Elements (n)	 Time (sec) 
10,7.7e-07
100,7.7e-07
1000,3.66e-06
10000,4.474e-05
100000,0.00031519
1000000,0.00483277
10000000,0.0434171
