Number of Elements (n)	 Time (sec) 
10,2.017e-05
100,4.611e-05
1000,0.00030786
10000,0.00480061
100000,0.0341587
1000000,0.440136
10000000,4.39525
